"GEO_ID","NAME","B02001_001E","B02001_001M","B02001_002E","B02001_002M","B02001_003E","B02001_003M","B02001_004E","B02001_004M","B02001_005E","B02001_005M","B02001_006E","B02001_006M","B02001_007E","B02001_007M","B02001_008E","B02001_008M","B02001_009E","B02001_009M","B02001_010E","B02001_010M"
"id","Geographic Area Name","Estimate!!Total","Margin of Error!!Total","Estimate!!Total!!White alone","Margin of Error!!Total!!White alone","Estimate!!Total!!Black or African American alone","Margin of Error!!Total!!Black or African American alone","Estimate!!Total!!American Indian and Alaska Native alone","Margin of Error!!Total!!American Indian and Alaska Native alone","Estimate!!Total!!Asian alone","Margin of Error!!Total!!Asian alone","Estimate!!Total!!Native Hawaiian and Other Pacific Islander alone","Margin of Error!!Total!!Native Hawaiian and Other Pacific Islander alone","Estimate!!Total!!Some other race alone","Margin of Error!!Total!!Some other race alone","Estimate!!Total!!Two or more races","Margin of Error!!Total!!Two or more races","Estimate!!Total!!Two or more races!!Two races including Some other race","Margin of Error!!Total!!Two or more races!!Two races including Some other race","Estimate!!Total!!Two or more races!!Two races excluding Some other race, and three or more races","Margin of Error!!Total!!Two or more races!!Two races excluding Some other race, and three or more races"
"1500000US210670005003","Block Group 3, Census Tract 5, Fayette County, Kentucky","747","128","730","128","0","11","0","11","0","11","0","11","0","11","17","19","0","11","17","19"
"1500000US210670007002","Block Group 2, Census Tract 7, Fayette County, Kentucky","799","148","766","150","0","11","0","11","16","19","0","11","0","11","17","22","0","11","17","22"
"1500000US210670014001","Block Group 1, Census Tract 14, Fayette County, Kentucky","1142","271","911","244","174","162","4","8","0","11","0","11","0","11","53","50","0","11","53","50"
"1500000US210670017001","Block Group 1, Census Tract 17, Fayette County, Kentucky","479","147","466","146","0","11","0","11","0","11","0","11","0","11","13","20","0","11","13","20"
"1500000US210670017003","Block Group 3, Census Tract 17, Fayette County, Kentucky","1010","344","835","328","164","131","0","11","0","11","0","11","0","11","11","20","0","11","11","20"
"1500000US210670022001","Block Group 1, Census Tract 22, Fayette County, Kentucky","729","160","650","122","32","29","0","11","0","11","0","11","0","11","47","71","47","71","0","11"
"1500000US210670022002","Block Group 2, Census Tract 22, Fayette County, Kentucky","999","154","515","97","179","103","23","35","101","72","80","75","51","63","50","36","5","7","45","38"
"1500000US210670042041","Block Group 1, Census Tract 42.04, Fayette County, Kentucky","2009","410","1639","378","0","11","0","11","255","200","0","11","0","11","115","98","0","11","115","98"
"1500000US210670027002","Block Group 2, Census Tract 27, Fayette County, Kentucky","1676","260","1306","254","157","120","0","11","38","63","0","11","50","83","125","105","0","11","125","105"
"1500000US210670042042","Block Group 2, Census Tract 42.04, Fayette County, Kentucky","1816","384","1653","371","16","24","33","48","40","53","0","11","12","21","62","74","0","11","62","74"
"1500000US210670006003","Block Group 3, Census Tract 6, Fayette County, Kentucky","1398","296","1398","296","0","11","0","11","0","11","0","11","0","11","0","11","0","11","0","11"
"1500000US210670006002","Block Group 2, Census Tract 6, Fayette County, Kentucky","1370","336","1277","333","0","11","0","11","0","11","0","11","93","141","0","11","0","11","0","11"
"1500000US210670037041","Block Group 1, Census Tract 37.04, Fayette County, Kentucky","1997","318","1598","255","284","162","0","11","12","18","0","11","31","40","72","61","35","46","37","41"
"1500000US210670037042","Block Group 2, Census Tract 37.04, Fayette County, Kentucky","2028","465","1302","272","411","323","0","11","109","144","0","11","0","11","206","273","25","40","181","268"
"1500000US210670038031","Block Group 1, Census Tract 38.03, Fayette County, Kentucky","838","179","631","147","67","44","0","11","16","25","0","11","14","17","110","103","44","71","66","84"
"1500000US210670038032","Block Group 2, Census Tract 38.03, Fayette County, Kentucky","2446","340","1293","278","1024","365","0","11","4","8","0","11","105","100","20","20","0","11","20","20"
"1500000US210670038041","Block Group 1, Census Tract 38.04, Fayette County, Kentucky","2521","616","361","243","1212","457","0","11","0","11","0","11","684","496","264","245","244","242","20","33"
"1500000US210670038042","Block Group 2, Census Tract 38.04, Fayette County, Kentucky","1325","414","32","51","880","350","0","11","0","11","0","11","413","326","0","11","0","11","0","11"
"1500000US210670039062","Block Group 2, Census Tract 39.06, Fayette County, Kentucky","2658","329","2260","293","127","75","0","11","30","30","0","11","111","161","130","117","0","11","130","117"
"1500000US210670039081","Block Group 1, Census Tract 39.08, Fayette County, Kentucky","1337","309","1165","300","47","43","0","11","34","50","0","11","0","11","91","106","7","12","84","104"
"1500000US210670039083","Block Group 3, Census Tract 39.08, Fayette County, Kentucky","756","270","262","121","323","225","0","11","106","116","0","11","8","13","57","69","0","11","57","69"
"1500000US210670039091","Block Group 1, Census Tract 39.09, Fayette County, Kentucky","2242","280","1690","314","420","163","0","11","73","60","21","34","0","11","38","50","0","11","38","50"
"1500000US210670039101","Block Group 1, Census Tract 39.10, Fayette County, Kentucky","2702","390","1347","284","1051","331","0","11","57","88","0","11","219","148","28","33","0","11","28","33"
"1500000US210670039111","Block Group 1, Census Tract 39.11, Fayette County, Kentucky","1571","335","1093","266","342","189","0","11","10","16","0","11","110","170","16","18","0","11","16","18"
"1500000US210670039113","Block Group 3, Census Tract 39.11, Fayette County, Kentucky","766","286","160","82","552","281","0","11","54","69","0","11","0","11","0","11","0","11","0","11"
"1500000US210670039121","Block Group 1, Census Tract 39.12, Fayette County, Kentucky","2305","300","1237","265","711","207","0","11","313","222","0","11","0","11","44","58","0","11","44","58"
"1500000US210670039142","Block Group 2, Census Tract 39.14, Fayette County, Kentucky","1372","260","1076","238","88","98","0","11","199","191","0","11","0","11","9","15","0","11","9","15"
"1500000US210670039131","Block Group 1, Census Tract 39.13, Fayette County, Kentucky","2147","424","1921","412","133","125","0","11","93","97","0","11","0","11","0","11","0","11","0","11"
"1500000US210670039132","Block Group 2, Census Tract 39.13, Fayette County, Kentucky","788","176","730","175","43","67","0","11","15","24","0","11","0","11","0","11","0","11","0","11"
"1500000US210670039141","Block Group 1, Census Tract 39.14, Fayette County, Kentucky","911","136","276","87","554","105","0","11","29","37","0","11","0","11","52","52","0","11","52","52"
"1500000US210670039151","Block Group 1, Census Tract 39.15, Fayette County, Kentucky","1998","310","1631","270","112","95","0","11","129","114","26","46","0","11","100","133","0","11","100","133"
"1500000US210670039152","Block Group 2, Census Tract 39.15, Fayette County, Kentucky","1828","331","1543","307","181","154","0","11","92","59","0","11","0","11","12","19","0","11","12","19"
"1500000US210670039161","Block Group 1, Census Tract 39.16, Fayette County, Kentucky","11","16","11","16","0","11","0","11","0","11","0","11","0","11","0","11","0","11","0","11"
"1500000US210670039162","Block Group 2, Census Tract 39.16, Fayette County, Kentucky","558","93","526","91","0","11","0","11","17","13","0","11","0","11","15","16","0","11","15","16"
"1500000US210670039171","Block Group 1, Census Tract 39.17, Fayette County, Kentucky","1399","184","862","94","311","72","0","11","0","11","0","11","106","105","120","131","0","11","120","131"
"1500000US210670039172","Block Group 2, Census Tract 39.17, Fayette County, Kentucky","32","19","25","14","0","11","0","11","0","11","0","11","0","11","7","9","4","7","3","6"
"1500000US210670039173","Block Group 3, Census Tract 39.17, Fayette County, Kentucky","0","11","0","11","0","11","0","11","0","11","0","11","0","11","0","11","0","11","0","11"
"1500000US210670039181","Block Group 1, Census Tract 39.18, Fayette County, Kentucky","813","197","733","192","48","57","0","11","0","11","0","11","32","50","0","11","0","11","0","11"
"1500000US210670033001","Block Group 1, Census Tract 33, Fayette County, Kentucky","1833","310","1158","243","650","297","25","45","0","11","0","11","0","11","0","11","0","11","0","11"
"1500000US210670024001","Block Group 1, Census Tract 24, Fayette County, Kentucky","1738","344","1389","346","0","11","0","11","306","117","0","11","20","33","23","29","0","11","23","29"
"1500000US210670024003","Block Group 3, Census Tract 24, Fayette County, Kentucky","995","260","874","240","16","27","0","11","67","90","0","11","0","11","38","42","0","11","38","42"
"1500000US210670025001","Block Group 1, Census Tract 25, Fayette County, Kentucky","1066","149","1039","156","0","11","0","11","0","11","0","11","5","10","22","35","0","11","22","35"
"1500000US210670034052","Block Group 2, Census Tract 34.05, Fayette County, Kentucky","2230","486","1689","496","354","223","0","11","99","162","0","11","14","22","74","113","0","11","74","113"
"1500000US210670034053","Block Group 3, Census Tract 34.05, Fayette County, Kentucky","1343","438","894","278","426","373","0","11","0","11","0","11","23","38","0","11","0","11","0","11"
"1500000US210670036002","Block Group 2, Census Tract 36, Fayette County, Kentucky","1831","176","1745","178","9","14","0","11","20","20","0","11","0","11","57","56","0","11","57","56"
"1500000US210670036003","Block Group 3, Census Tract 36, Fayette County, Kentucky","1626","170","1324","150","41","47","0","11","118","76","0","11","40","60","103","74","0","11","103","74"
"1500000US210670040031","Block Group 1, Census Tract 40.03, Fayette County, Kentucky","1287","391","1099","362","97","103","0","11","91","111","0","11","0","11","0","11","0","11","0","11"
"1500000US210670019001","Block Group 1, Census Tract 19, Fayette County, Kentucky","3370","489","1631","329","1112","431","0","11","246","201","0","11","109","124","272","164","38","44","234","162"
"1500000US210670031022","Block Group 2, Census Tract 31.02, Fayette County, Kentucky","1239","248","752","255","362","151","0","11","0","11","0","11","0","11","125","152","0","11","125","152"
"1500000US210670009003","Block Group 3, Census Tract 9, Fayette County, Kentucky","1356","471","835","393","121","118","0","11","180","108","0","11","81","95","139","226","0","11","139","226"
"1500000US210670009001","Block Group 1, Census Tract 9, Fayette County, Kentucky","1472","461","788","327","451","220","0","11","105","86","0","11","0","11","128","178","0","11","128","178"
"1500000US210670013001","Block Group 1, Census Tract 13, Fayette County, Kentucky","952","212","540","190","212","96","0","11","0","11","0","11","6","9","194","164","0","11","194","164"
"1500000US210670002004","Block Group 4, Census Tract 2, Fayette County, Kentucky","787","269","464","158","283","231","0","11","0","11","0","11","7","15","33","31","16","23","17","22"
"1500000US210670002002","Block Group 2, Census Tract 2, Fayette County, Kentucky","1456","350","916","261","459","259","0","11","0","11","0","11","44","73","37","56","0","11","37","56"
"1500000US210670002003","Block Group 3, Census Tract 2, Fayette County, Kentucky","752","130","646","122","18","21","0","11","0","11","0","11","24","26","64","50","17","24","47","36"
"1500000US210670035011","Block Group 1, Census Tract 35.01, Fayette County, Kentucky","1612","275","1439","280","77","68","0","11","74","91","0","11","0","11","22","27","0","11","22","27"
"1500000US210670008021","Block Group 1, Census Tract 8.02, Fayette County, Kentucky","3711","755","3044","641","382","160","7","15","84","53","7","12","40","32","147","70","15","15","132","68"
"1500000US210670010002","Block Group 2, Census Tract 10, Fayette County, Kentucky","875","116","720","113","64","56","6","10","51","46","0","11","0","11","34","39","0","11","34","39"
"1500000US210670010001","Block Group 1, Census Tract 10, Fayette County, Kentucky","801","173","397","155","392","112","0","11","0","11","0","11","0","11","12","16","12","16","0","11"
"1500000US210670016002","Block Group 2, Census Tract 16, Fayette County, Kentucky","1044","269","891","262","148","122","0","11","5","8","0","11","0","11","0","11","0","11","0","11"
"1500000US210670020012","Block Group 2, Census Tract 20.01, Fayette County, Kentucky","1103","446","609","352","146","121","0","11","0","11","0","11","278","254","70","60","0","11","70","60"
"1500000US210670020013","Block Group 3, Census Tract 20.01, Fayette County, Kentucky","2710","537","1837","433","491","249","0","11","38","40","0","11","165","190","179","148","117","131","62","71"
"1500000US210670020021","Block Group 1, Census Tract 20.02, Fayette County, Kentucky","1066","276","607","254","147","100","0","11","1","5","0","11","287","169","24","19","3","5","21","19"
"1500000US210670020022","Block Group 2, Census Tract 20.02, Fayette County, Kentucky","1427","279","971","177","187","82","0","11","0","11","7","10","240","172","22","36","0","11","22","36"
"1500000US210670023023","Block Group 3, Census Tract 23.02, Fayette County, Kentucky","2167","409","2158","409","9","19","0","11","0","11","0","11","0","11","0","11","0","11","0","11"
"1500000US210670023031","Block Group 1, Census Tract 23.03, Fayette County, Kentucky","1477","489","1079","452","105","109","0","11","293","255","0","11","0","11","0","11","0","11","0","11"
"1500000US210670023032","Block Group 2, Census Tract 23.03, Fayette County, Kentucky","613","218","441","184","39","50","87","118","0","11","0","11","0","11","46","42","0","11","46","42"
"1500000US210670023033","Block Group 3, Census Tract 23.03, Fayette County, Kentucky","1560","359","1531","359","0","11","0","11","29","34","0","11","0","11","0","11","0","11","0","11"
"1500000US210670023034","Block Group 4, Census Tract 23.03, Fayette County, Kentucky","767","231","680","224","0","11","0","11","38","31","0","11","32","49","17","27","17","27","0","11"
"1500000US210670029003","Block Group 3, Census Tract 29, Fayette County, Kentucky","1859","331","1503","304","42","48","0","11","35","38","0","11","210","208","69","58","0","11","69","58"
"1500000US210670023041","Block Group 1, Census Tract 23.04, Fayette County, Kentucky","1453","130","1445","131","8","13","0","11","0","11","0","11","0","11","0","11","0","11","0","11"
"1500000US210670023042","Block Group 2, Census Tract 23.04, Fayette County, Kentucky","721","111","709","113","0","11","0","11","6","9","0","11","0","11","6","9","0","11","6","9"
"1500000US210670028002","Block Group 2, Census Tract 28, Fayette County, Kentucky","1211","223","923","160","0","11","0","11","258","149","0","11","0","11","30","32","10","15","20","28"
"1500000US210670032012","Block Group 2, Census Tract 32.01, Fayette County, Kentucky","854","184","699","187","131","81","0","11","0","11","0","11","11","12","13","12","0","11","13","12"
"1500000US210670032021","Block Group 1, Census Tract 32.02, Fayette County, Kentucky","1496","338","1402","316","79","119","15","25","0","11","0","11","0","11","0","11","0","11","0","11"
"1500000US210670032023","Block Group 3, Census Tract 32.02, Fayette County, Kentucky","1111","360","632","269","463","291","16","28","0","11","0","11","0","11","0","11","0","11","0","11"
"1500000US210670032024","Block Group 4, Census Tract 32.02, Fayette County, Kentucky","1962","417","1628","355","305","175","0","11","0","11","0","11","0","11","29","49","0","11","29","49"
"1500000US210670034023","Block Group 3, Census Tract 34.02, Fayette County, Kentucky","1343","483","550","305","630","407","0","11","22","35","0","11","17","27","124","115","14","22","110","113"
"1500000US210670034062","Block Group 2, Census Tract 34.06, Fayette County, Kentucky","2614","488","1681","357","239","147","192","227","61","67","0","11","332","337","109","93","34","56","75","76"
"1500000US210670034072","Block Group 2, Census Tract 34.07, Fayette County, Kentucky","1934","298","1337","273","271","221","0","11","296","183","0","11","0","11","30","25","0","11","30","25"
"1500000US210670035012","Block Group 2, Census Tract 35.01, Fayette County, Kentucky","2180","329","1861","316","219","140","0","11","77","87","0","11","0","11","23","33","0","11","23","33"
"1500000US210670035032","Block Group 2, Census Tract 35.03, Fayette County, Kentucky","697","187","546","140","44","59","0","11","36","51","0","11","0","11","71","76","18","29","53","75"
"1500000US210670035041","Block Group 1, Census Tract 35.04, Fayette County, Kentucky","1207","319","790","241","322","175","0","11","45","73","0","11","0","11","50","70","0","11","50","70"
"1500000US210670037011","Block Group 1, Census Tract 37.01, Fayette County, Kentucky","783","139","737","145","30","42","0","11","0","11","0","11","16","17","0","11","0","11","0","11"
"1500000US210670037012","Block Group 2, Census Tract 37.01, Fayette County, Kentucky","2581","336","1531","234","700","147","57","72","9","16","0","11","211","190","73","29","7","12","66","27"
"1500000US210670037022","Block Group 2, Census Tract 37.02, Fayette County, Kentucky","2521","270","1520","197","730","153","13","13","17","19","0","11","140","129","101","65","23","30","78","62"
"1500000US210670037031","Block Group 1, Census Tract 37.03, Fayette County, Kentucky","3140","518","2552","450","443","213","0","11","34","43","0","11","0","11","111","79","0","11","111","79"
"1500000US210670037032","Block Group 2, Census Tract 37.03, Fayette County, Kentucky","2041","530","1698","543","235","147","0","11","62","85","0","11","0","11","46","75","0","11","46","75"
"1500000US210670008011","Block Group 1, Census Tract 8.01, Fayette County, Kentucky","3133","490","2527","398","321","111","0","11","158","81","0","11","28","26","99","50","19","23","80","46"
"1500000US210670023022","Block Group 2, Census Tract 23.02, Fayette County, Kentucky","1650","316","1545","301","0","11","0","11","77","89","0","11","0","11","28","41","0","11","28","41"
"1500000US210670029001","Block Group 1, Census Tract 29, Fayette County, Kentucky","702","129","699","129","3","7","0","11","0","11","0","11","0","11","0","11","0","11","0","11"
"1500000US210670029002","Block Group 2, Census Tract 29, Fayette County, Kentucky","2023","290","1865","241","0","11","0","11","23","33","0","11","108","167","27","42","0","11","27","42"
"1500000US210670034022","Block Group 2, Census Tract 34.02, Fayette County, Kentucky","1283","366","861","311","254","241","0","11","118","111","0","11","0","11","50","62","50","62","0","11"
"1500000US210670034043","Block Group 3, Census Tract 34.04, Fayette County, Kentucky","767","323","489","322","265","136","0","11","0","11","0","11","0","11","13","20","0","11","13","20"
"1500000US210670034041","Block Group 1, Census Tract 34.04, Fayette County, Kentucky","2360","455","1155","404","908","515","0","11","11","17","0","11","38","55","248","181","0","11","248","181"
"1500000US210670005002","Block Group 2, Census Tract 5, Fayette County, Kentucky","1027","242","911","181","0","11","0","11","0","11","0","11","0","11","116","133","0","11","116","133"
"1500000US210670005004","Block Group 4, Census Tract 5, Fayette County, Kentucky","915","155","854","155","31","28","0","11","0","11","0","11","0","11","30","30","0","11","30","30"
"1500000US210670004002","Block Group 2, Census Tract 4, Fayette County, Kentucky","1233","165","302","145","839","168","0","11","0","11","0","11","56","67","36","58","0","11","36","58"
"1500000US210670040011","Block Group 1, Census Tract 40.01, Fayette County, Kentucky","2965","498","1889","495","669","360","0","11","32","40","0","11","54","60","321","314","0","11","321","314"
"1500000US210670015002","Block Group 2, Census Tract 15, Fayette County, Kentucky","1274","253","1022","258","220","84","0","11","0","11","0","11","9","13","23","27","0","11","23","27"
"1500000US210670015001","Block Group 1, Census Tract 15, Fayette County, Kentucky","911","182","802","166","91","50","0","11","0","11","0","11","0","11","18","20","0","11","18","20"
"1500000US210670038023","Block Group 3, Census Tract 38.02, Fayette County, Kentucky","952","237","845","228","51","39","0","11","1","5","0","11","45","79","10","15","0","11","10","15"
"1500000US210670031011","Block Group 1, Census Tract 31.01, Fayette County, Kentucky","1302","232","934","172","260","172","0","11","8","12","0","11","48","47","52","59","2","4","50","59"
"1500000US210670031012","Block Group 2, Census Tract 31.01, Fayette County, Kentucky","1242","240","1021","230","180","110","0","11","0","11","0","11","0","11","41","46","0","11","41","46"
"1500000US210670003003","Block Group 3, Census Tract 3, Fayette County, Kentucky","1044","271","418","211","563","219","0","11","0","11","0","11","0","11","63","59","17","26","46","53"
"1500000US210670003004","Block Group 4, Census Tract 3, Fayette County, Kentucky","559","188","327","144","154","88","0","11","5","8","0","11","55","87","18","20","0","11","18","20"
"1500000US210670001011","Block Group 1, Census Tract 1.01, Fayette County, Kentucky","1581","241","931","203","569","129","0","11","8","11","0","11","0","11","73","65","0","11","73","65"
"1500000US210670001012","Block Group 2, Census Tract 1.01, Fayette County, Kentucky","1782","236","1474","200","191","88","0","11","29","23","0","11","0","11","88","71","0","11","88","71"
"1500000US210670001021","Block Group 1, Census Tract 1.02, Fayette County, Kentucky","627","125","477","149","127","85","0","11","0","11","0","11","0","11","23","34","0","11","23","34"
"1500000US210670001022","Block Group 2, Census Tract 1.02, Fayette County, Kentucky","1096","164","829","145","233","74","0","11","26","18","0","11","0","11","8","12","0","11","8","12"
"1500000US210670011004","Block Group 4, Census Tract 11, Fayette County, Kentucky","1182","494","205","251","628","194","2","4","0","11","0","11","305","407","42","76","0","11","42","76"
"1500000US210670019002","Block Group 2, Census Tract 19, Fayette County, Kentucky","1664","323","1401","290","171","144","10","16","51","64","0","11","0","11","31","39","0","11","31","39"
"1500000US210670003002","Block Group 2, Census Tract 3, Fayette County, Kentucky","1032","344","288","172","546","297","0","11","0","11","0","11","85","127","113","144","0","11","113","144"
"1500000US210670040013","Block Group 3, Census Tract 40.01, Fayette County, Kentucky","2331","538","1532","474","495","298","0","11","72","102","14","22","71","76","147","144","0","11","147","144"
"1500000US210670040032","Block Group 2, Census Tract 40.03, Fayette County, Kentucky","1917","407","1375","309","309","223","0","11","0","11","0","11","54","76","179","185","0","11","179","185"
"1500000US210670040051","Block Group 1, Census Tract 40.05, Fayette County, Kentucky","1775","97","1704","97","22","31","0","11","37","37","0","11","0","11","12","13","0","11","12","13"
"1500000US210670040061","Block Group 1, Census Tract 40.06, Fayette County, Kentucky","1170","85","1114","105","0","11","0","11","48","43","0","11","8","12","0","11","0","11","0","11"
"1500000US210670040072","Block Group 2, Census Tract 40.07, Fayette County, Kentucky","1019","201","981","199","0","11","0","11","5","7","0","11","18","16","15","16","0","11","15","16"
"1500000US210670041031","Block Group 1, Census Tract 41.03, Fayette County, Kentucky","152","72","152","72","0","11","0","11","0","11","0","11","0","11","0","11","0","11","0","11"
"1500000US210670041041","Block Group 1, Census Tract 41.04, Fayette County, Kentucky","1620","311","1253","315","283","156","0","11","30","35","0","11","45","47","9","14","0","11","9","14"
"1500000US210670041042","Block Group 2, Census Tract 41.04, Fayette County, Kentucky","1898","290","1469","253","300","174","0","11","0","11","0","11","62","94","67","63","0","11","67","63"
"1500000US210670041051","Block Group 1, Census Tract 41.05, Fayette County, Kentucky","1422","212","1369","212","53","62","0","11","0","11","0","11","0","11","0","11","0","11","0","11"
"1500000US210670041052","Block Group 2, Census Tract 41.05, Fayette County, Kentucky","2718","400","2341","321","198","173","0","11","95","86","0","11","0","11","84","66","0","11","84","66"
"1500000US210670041061","Block Group 1, Census Tract 41.06, Fayette County, Kentucky","2224","288","1751","266","174","185","0","11","173","140","0","11","0","11","126","108","0","11","126","108"
"1500000US210670041062","Block Group 2, Census Tract 41.06, Fayette County, Kentucky","2536","382","2246","348","54","61","0","11","44","32","0","11","24","36","168","138","59","87","109","105"
"1500000US210670041072","Block Group 2, Census Tract 41.07, Fayette County, Kentucky","2133","363","2020","386","28","42","0","11","85","92","0","11","0","11","0","11","0","11","0","11"
"1500000US210670041073","Block Group 3, Census Tract 41.07, Fayette County, Kentucky","2239","397","1883","404","125","114","0","11","34","43","0","11","0","11","197","153","0","11","197","153"
"1500000US210670042053","Block Group 3, Census Tract 42.05, Fayette County, Kentucky","2315","393","2118","400","59","91","0","11","81","89","0","11","0","11","57","62","0","11","57","62"
"1500000US210670018001","Block Group 1, Census Tract 18, Fayette County, Kentucky","1585","271","1307","243","141","94","8","14","117","61","0","11","0","11","12","19","12","19","0","11"
"1500000US210670026003","Block Group 3, Census Tract 26, Fayette County, Kentucky","1475","327","1367","342","55","52","0","11","21","32","0","11","0","11","32","56","0","11","32","56"
"1500000US210670026005","Block Group 5, Census Tract 26, Fayette County, Kentucky","718","295","537","274","158","190","0","11","0","11","0","11","0","11","23","34","0","11","23","34"
"1500000US210670026001","Block Group 1, Census Tract 26, Fayette County, Kentucky","1576","388","1348","386","9","14","19","28","48","53","0","11","27","41","125","110","0","11","125","110"
"1500000US210670026002","Block Group 2, Census Tract 26, Fayette County, Kentucky","830","221","793","220","18","28","0","11","19","32","0","11","0","11","0","11","0","11","0","11"
"1500000US210670030005","Block Group 5, Census Tract 30, Fayette County, Kentucky","2459","357","1076","246","1188","116","154","235","14","25","0","11","0","11","27","31","0","11","27","31"
"1500000US210670030001","Block Group 1, Census Tract 30, Fayette County, Kentucky","862","230","596","183","93","84","0","11","51","75","0","11","122","198","0","11","0","11","0","11"
"1500000US210670030002","Block Group 2, Census Tract 30, Fayette County, Kentucky","1452","363","1376","363","0","11","0","11","50","48","0","11","0","11","26","42","0","11","26","42"
"1500000US210670042051","Block Group 1, Census Tract 42.05, Fayette County, Kentucky","1575","310","1485","315","0","11","0","11","90","89","0","11","0","11","0","11","0","11","0","11"
"1500000US210670030004","Block Group 4, Census Tract 30, Fayette County, Kentucky","674","218","611","196","63","108","0","11","0","11","0","11","0","11","0","11","0","11","0","11"
"1500000US210670034061","Block Group 1, Census Tract 34.06, Fayette County, Kentucky","1416","326","1019","282","269","135","0","11","54","60","0","11","0","11","74","81","0","11","74","81"
"1500000US210670039061","Block Group 1, Census Tract 39.06, Fayette County, Kentucky","1957","229","1679","216","77","68","0","11","78","80","0","11","59","91","64","63","37","57","27","27"
"1500000US210670042052","Block Group 2, Census Tract 42.05, Fayette County, Kentucky","2578","389","2488","376","90","141","0","11","0","11","0","11","0","11","0","11","0","11","0","11"
"1500000US210670011002","Block Group 2, Census Tract 11, Fayette County, Kentucky","1365","378","252","186","1087","331","0","11","26","45","0","11","0","11","0","11","0","11","0","11"
"1500000US210670011003","Block Group 3, Census Tract 11, Fayette County, Kentucky","942","268","651","236","9","15","0","11","0","11","0","11","244","274","38","69","38","69","0","11"
"1500000US210670011001","Block Group 1, Census Tract 11, Fayette County, Kentucky","1289","477","504","395","497","255","0","11","0","11","0","11","288","246","0","11","0","11","0","11"
"1500000US210670042071","Block Group 1, Census Tract 42.07, Fayette County, Kentucky","2101","270","1985","278","57","72","0","11","46","62","0","11","0","11","13","22","13","22","0","11"
"1500000US210670042072","Block Group 2, Census Tract 42.07, Fayette County, Kentucky","1812","234","1612","223","81","65","0","11","89","89","0","11","0","11","30","28","0","11","30","28"
"1500000US210670042082","Block Group 2, Census Tract 42.08, Fayette County, Kentucky","3694","543","2528","472","27","45","53","90","945","242","0","11","32","51","109","141","0","11","109","141"
"1500000US210670042091","Block Group 1, Census Tract 42.09, Fayette County, Kentucky","2018","323","1762","280","47","41","0","11","76","73","0","11","8","13","125","96","0","11","125","96"
"1500000US210670042101","Block Group 1, Census Tract 42.10, Fayette County, Kentucky","1937","402","1480","393","39","35","0","11","315","119","0","11","18","29","85","53","37","40","48","34"
"1500000US210670042102","Block Group 2, Census Tract 42.10, Fayette County, Kentucky","3398","367","2658","326","165","65","0","11","207","158","0","11","42","40","326","191","33","43","293","203"
"1500000US210670037043","Block Group 3, Census Tract 37.04, Fayette County, Kentucky","1031","328","561","159","319","215","0","11","0","11","0","11","0","11","151","166","0","11","151","166"
"1500000US210670038033","Block Group 3, Census Tract 38.03, Fayette County, Kentucky","334","107","334","107","0","11","0","11","0","11","0","11","0","11","0","11","0","11","0","11"
"1500000US210670038043","Block Group 3, Census Tract 38.04, Fayette County, Kentucky","2115","399","369","170","1526","355","0","11","0","11","0","11","188","181","32","51","0","11","32","51"
"1500000US210670039082","Block Group 2, Census Tract 39.08, Fayette County, Kentucky","3046","354","2387","318","220","138","11","17","199","125","0","11","11","18","218","183","19","29","199","182"
"1500000US210670039092","Block Group 2, Census Tract 39.09, Fayette County, Kentucky","775","201","418","164","197","133","0","11","61","66","0","11","0","11","99","89","0","11","99","89"
"1500000US210670039112","Block Group 2, Census Tract 39.11, Fayette County, Kentucky","1598","236","1350","212","121","79","0","11","38","51","0","11","64","99","25","32","0","11","25","32"
"1500000US210670039122","Block Group 2, Census Tract 39.12, Fayette County, Kentucky","2084","302","1956","302","33","41","0","11","42","46","0","11","23","36","30","35","17","28","13","23"
"1500000US210670039133","Block Group 3, Census Tract 39.13, Fayette County, Kentucky","5081","469","4106","432","314","146","0","16","449","111","0","16","73","81","139","108","60","62","79","70"
"1500000US210670024004","Block Group 4, Census Tract 24, Fayette County, Kentucky","828","137","782","140","10","16","0","11","27","27","0","11","0","11","9","13","0","11","9","13"
"1500000US210670036001","Block Group 1, Census Tract 36, Fayette County, Kentucky","1066","170","986","165","11","18","0","11","36","36","0","11","0","11","33","30","0","11","33","30"
"1500000US210670024002","Block Group 2, Census Tract 24, Fayette County, Kentucky","686","204","657","204","0","11","0","11","0","11","0","11","6","10","23","29","0","11","23","29"
"1500000US210670025002","Block Group 2, Census Tract 25, Fayette County, Kentucky","667","167","661","168","0","11","0","11","6","9","0","11","0","11","0","11","0","11","0","11"
"1500000US210670034051","Block Group 1, Census Tract 34.05, Fayette County, Kentucky","2372","486","1798","417","481","243","0","11","18","29","0","11","0","11","75","57","0","11","75","57"
"1500000US210670031021","Block Group 1, Census Tract 31.02, Fayette County, Kentucky","1198","266","482","178","622","219","0","11","0","11","0","11","0","11","94","93","0","11","94","93"
"1500000US210670009002","Block Group 2, Census Tract 9, Fayette County, Kentucky","3386","548","2613","526","426","169","0","11","184","154","0","11","24","32","139","119","0","11","139","119"
"1500000US210670013002","Block Group 2, Census Tract 13, Fayette County, Kentucky","1114","228","741","191","121","80","0","11","0","11","0","11","209","164","43","51","0","11","43","51"
"1500000US210670002001","Block Group 1, Census Tract 2, Fayette County, Kentucky","832","270","377","197","321","133","0","11","0","11","0","11","9","17","125","155","0","11","125","155"
"1500000US210670034071","Block Group 1, Census Tract 34.07, Fayette County, Kentucky","1994","315","1200","210","480","188","0","11","201","155","0","11","0","11","113","68","0","11","113","68"
"1500000US210670008022","Block Group 2, Census Tract 8.02, Fayette County, Kentucky","850","116","652","120","37","29","0","11","123","58","0","11","3","6","35","28","0","11","35","28"
"1500000US210670016001","Block Group 1, Census Tract 16, Fayette County, Kentucky","1232","250","915","195","194","122","0","11","84","153","0","11","39","59","0","11","0","11","0","11"
"1500000US210670025003","Block Group 3, Census Tract 25, Fayette County, Kentucky","1804","426","1725","427","6","14","0","11","69","39","0","11","0","11","4","8","0","11","4","8"
"1500000US210670032011","Block Group 1, Census Tract 32.01, Fayette County, Kentucky","985","160","695","169","173","95","10","12","14","20","0","11","4","8","89","68","6","9","83","64"
"1500000US210670032022","Block Group 2, Census Tract 32.02, Fayette County, Kentucky","1291","491","587","303","570","354","0","11","0","11","0","11","0","11","134","118","0","11","134","118"
"1500000US210670033002","Block Group 2, Census Tract 33, Fayette County, Kentucky","932","212","724","212","129","102","0","11","69","110","0","11","0","11","10","21","0","11","10","21"
"1500000US210670034063","Block Group 3, Census Tract 34.06, Fayette County, Kentucky","2597","483","2159","409","194","128","0","11","29","49","0","11","0","11","215","147","0","11","215","147"
"1500000US210670035031","Block Group 1, Census Tract 35.03, Fayette County, Kentucky","1802","232","1379","234","277","121","0","11","92","62","13","22","6","10","35","30","0","11","35","30"
"1500000US210670035042","Block Group 2, Census Tract 35.04, Fayette County, Kentucky","2537","449","1470","269","992","419","0","11","46","39","0","11","7","11","22","30","0","11","22","30"
"1500000US210670037021","Block Group 1, Census Tract 37.02, Fayette County, Kentucky","2142","367","1719","294","392","222","0","11","24","38","0","11","0","11","7","11","0","11","7","11"
"1500000US210670007001","Block Group 1, Census Tract 7, Fayette County, Kentucky","1754","285","1381","296","68","63","0","11","198","186","0","11","0","11","107","86","5","9","102","85"
"1500000US210670014002","Block Group 2, Census Tract 14, Fayette County, Kentucky","1080","242","849","161","186","125","8","12","7","10","0","11","0","11","30","36","0","11","30","36"
"1500000US210670017002","Block Group 2, Census Tract 17, Fayette County, Kentucky","870","245","860","246","5","9","0","11","0","11","0","11","0","11","5","11","0","11","5","11"
"1500000US210670028001","Block Group 1, Census Tract 28, Fayette County, Kentucky","2840","294","2604","310","53","64","0","11","75","72","0","11","30","39","78","57","0","11","78","57"
"1500000US210670006001","Block Group 1, Census Tract 6, Fayette County, Kentucky","1509","356","1475","354","12","14","0","11","0","11","0","11","0","11","22","35","0","11","22","35"
"1500000US210670027001","Block Group 1, Census Tract 27, Fayette County, Kentucky","989","202","896","192","7","12","0","11","0","11","0","11","13","21","73","70","0","11","73","70"
"1500000US210670027003","Block Group 3, Census Tract 27, Fayette County, Kentucky","1392","219","1275","216","95","90","0","11","8","13","0","11","0","11","14","20","0","11","14","20"
"1500000US210670018002","Block Group 2, Census Tract 18, Fayette County, Kentucky","1502","319","1189","284","29","35","0","11","255","145","0","11","0","11","29","17","0","11","29","17"
"1500000US210670026004","Block Group 4, Census Tract 26, Fayette County, Kentucky","585","245","489","213","0","11","0","11","15","34","0","11","81","135","0","11","0","11","0","11"
"1500000US210670030003","Block Group 3, Census Tract 30, Fayette County, Kentucky","884","408","524","158","76","87","0","11","0","11","0","11","258","407","26","43","0","11","26","43"
"1500000US210670042081","Block Group 1, Census Tract 42.08, Fayette County, Kentucky","3442","490","2724","488","286","248","0","11","392","166","0","11","0","11","40","49","0","11","40","49"
"1500000US210670042092","Block Group 2, Census Tract 42.09, Fayette County, Kentucky","2418","272","2163","260","162","175","0","11","7","10","0","11","21","32","65","72","41","62","24","40"
"1500000US210670023021","Block Group 1, Census Tract 23.02, Fayette County, Kentucky","1773","410","1453","316","0","11","0","11","227","238","0","11","0","11","93","119","0","11","93","119"
"1500000US210670034021","Block Group 1, Census Tract 34.02, Fayette County, Kentucky","2571","463","1749","356","578","277","0","11","89","91","0","11","0","11","155","144","9","15","146","142"
"1500000US210670034042","Block Group 2, Census Tract 34.04, Fayette County, Kentucky","1119","254","1037","236","69","80","0","11","13","19","0","11","0","11","0","11","0","11","0","11"
"1500000US210670005001","Block Group 1, Census Tract 5, Fayette County, Kentucky","857","151","727","142","94","110","5","10","0","11","0","11","0","11","31","30","0","11","31","30"
"1500000US210670004001","Block Group 1, Census Tract 4, Fayette County, Kentucky","671","145","535","123","96","77","34","50","0","11","0","11","0","11","6","9","0","11","6","9"
"1500000US210670040012","Block Group 2, Census Tract 40.01, Fayette County, Kentucky","1178","255","1059","261","43","54","0","11","34","34","0","11","42","67","0","11","0","11","0","11"
"1500000US210670038022","Block Group 2, Census Tract 38.02, Fayette County, Kentucky","689","249","614","229","0","11","0","11","0","11","0","11","70","105","5","11","5","11","0","11"
"1500000US210670038021","Block Group 1, Census Tract 38.02, Fayette County, Kentucky","468","129","444","127","10","15","0","11","0","11","0","11","0","11","14","20","0","11","14","20"
"1500000US210670003001","Block Group 1, Census Tract 3, Fayette County, Kentucky","413","225","127","77","168","103","0","11","0","11","0","11","118","190","0","11","0","11","0","11"
"1500000US210670020011","Block Group 1, Census Tract 20.01, Fayette County, Kentucky","2213","593","874","438","405","376","0","11","0","11","0","11","826","469","108","162","0","11","108","162"
"1500000US210670039182","Block Group 2, Census Tract 39.18, Fayette County, Kentucky","2630","386","2417","398","193","122","0","11","20","24","0","11","0","11","0","11","0","11","0","11"
"1500000US210670040033","Block Group 3, Census Tract 40.03, Fayette County, Kentucky","2487","354","2303","363","100","93","0","11","66","89","0","11","0","11","18","28","18","28","0","11"
"1500000US210670040071","Block Group 1, Census Tract 40.07, Fayette County, Kentucky","872","153","857","149","0","11","0","11","0","11","0","11","0","11","15","19","6","10","9","15"
"1500000US210670041032","Block Group 2, Census Tract 41.03, Fayette County, Kentucky","1342","198","1029","171","51","35","7","10","135","99","0","11","31","36","89","106","0","11","89","106"
"1500000US210670041043","Block Group 3, Census Tract 41.04, Fayette County, Kentucky","947","214","924","217","5","7","11","17","0","11","0","11","0","11","7","11","0","11","7","11"
"1500000US210670041053","Block Group 3, Census Tract 41.05, Fayette County, Kentucky","868","263","800","257","33","46","0","11","0","11","0","11","10","16","25","33","0","11","25","33"
"1500000US210670041071","Block Group 1, Census Tract 41.07, Fayette County, Kentucky","1195","286","1001","245","10","17","0","11","93","105","0","11","45","63","46","53","0","11","46","53"
"1500000US210670042043","Block Group 3, Census Tract 42.04, Fayette County, Kentucky","1812","352","1747","356","0","11","0","11","15","24","0","11","0","11","50","81","0","11","50","81"
